run,train_start,train_end,test_start,test_end,train_rows,test_rows,mae_internal_air_temp_c,rmse_internal_air_temp_c,r2_internal_air_temp_c,mae_internal_radiation,rmse_internal_radiation,r2_internal_radiation,mae_ET0,rmse_ET0,r2_ET0
0,2025-05-29 01:30:00,2025-06-08 01:20:00,2025-06-08 01:30:00,2025-06-09 01:20:00,1440,144,0.36610178490502704,0.47980956470055736,0.9853832561175138,39.45457087991435,73.14480972419815,0.9131484997572874,0.02630850783090515,0.05046794110612346,0.9391881467769592
1,2025-05-29 01:30:00,2025-06-09 01:20:00,2025-06-09 01:30:00,2025-06-10 01:20:00,1584,144,0.46213298474282255,0.5994841702128508,0.975996695950603,37.27577944835386,64.31202184619555,0.9251970357557953,0.01907447995727125,0.03951953191415598,0.963211646943471
2,2025-05-29 01:30:00,2025-06-10 01:20:00,2025-06-10 01:30:00,2025-06-11 01:20:00,1728,144,0.4744284738507542,0.556935213402728,0.9816254703941076,28.52975731205538,47.146642050171444,0.9615901392792764,0.017030903456123667,0.025793734830886088,0.9848033973601599
3,2025-05-29 01:30:00,2025-06-11 01:20:00,2025-06-11 01:30:00,2025-06-12 01:20:00,1872,144,0.42002020535085866,0.5054679437901934,0.9864144732502218,32.317956827511416,62.58246645652951,0.9367955765132273,0.025241336258278554,0.04117825697924741,0.9603089477356784
4,2025-05-29 01:30:00,2025-06-12 01:20:00,2025-06-12 01:30:00,2025-06-13 01:20:00,2016,144,0.38308666116087503,0.5484879653602286,0.9835532249850886,38.44830475276378,61.45658515036565,0.9351644357590739,0.02846677196383522,0.042840106537691124,0.9566417537615243
5,2025-05-29 01:30:00,2025-06-13 01:20:00,2025-06-13 01:30:00,2025-06-14 01:20:00,2160,144,0.3283864547873766,0.4483745701773159,0.9892372715420965,29.75789669583473,47.12969025148253,0.9646775413636552,0.020893899747957585,0.035225643097852484,0.9716170519027246
6,2025-05-29 01:30:00,2025-06-14 01:20:00,2025-06-14 01:30:00,2025-06-15 01:20:00,2304,144,0.38558755405879314,0.4741195116035502,0.986381132817959,17.82977727915501,34.01951119797486,0.9819722666261816,0.017713786265460246,0.03100779518951941,0.9780111581383658
7,2025-05-29 01:30:00,2025-06-15 01:20:00,2025-06-15 01:30:00,2025-06-16 01:20:00,2448,144,0.341970063654105,0.43898538965987766,0.9887859171798626,15.79170359713394,27.382243682694103,0.9869010289721366,0.01983856102508127,0.036008090081200546,0.9701560707045519
8,2025-05-29 01:30:00,2025-06-16 01:20:00,2025-06-16 01:30:00,2025-06-17 01:30:00,2592,144,0.26370678092415695,0.3378862708052803,0.9932349504768581,20.716318537924295,31.796466392404046,0.9806649146520529,0.016255044886144415,0.024638793825319225,0.9851152357092753
9,2025-05-29 01:30:00,2025-06-17 01:30:00,2025-06-17 01:40:00,2025-06-18 01:30:00,2736,144,0.34499465861826445,0.45779121488778757,0.9867662641344411,23.6387592663808,29.326179398589282,0.9838322290772404,0.013561351732679246,0.020760168582001078,0.9892972326591584
10,2025-05-29 01:30:00,2025-06-18 01:30:00,2025-06-18 01:40:00,2025-06-19 01:30:00,2880,144,0.399828329591126,0.518261919532267,0.9854658668644665,17.218796747932128,28.817382842188056,0.9874069071400651,0.013716148175349108,0.020435424878086347,0.9911768538148434
11,2025-05-29 01:30:00,2025-06-19 01:30:00,2025-06-19 01:40:00,2025-06-20 01:30:00,3024,144,0.3997398217818006,0.5374424506589193,0.9862224812895145,19.924321776663152,33.52583552039727,0.9837737700742885,0.012904890464341255,0.020811132738967803,0.9902263734352209
12,2025-05-29 01:30:00,2025-06-20 01:30:00,2025-06-20 01:40:00,2025-06-21 01:30:00,3168,144,0.3103488156183005,0.37276711438780014,0.9918681121255928,13.170997876257053,22.503347278577117,0.9910999331274156,0.011060523135250725,0.016971178380409783,0.9934011673439882
13,2025-05-29 01:30:00,2025-06-21 01:30:00,2025-06-21 01:40:00,2025-06-22 01:30:00,3312,144,0.3362481235855922,0.43308521893692903,0.9890002184289475,13.759425921618908,24.31671506834652,0.9906069748093917,0.01108539347666953,0.02121707333405608,0.9894018756928364
14,2025-05-29 01:30:00,2025-06-22 01:30:00,2025-06-22 01:40:00,2025-06-23 01:30:00,3456,144,0.38407812707660494,0.5067732716084417,0.9840064670928397,17.56567598430571,29.782520873738804,0.98446024292288,0.010505742398193126,0.018370794192618226,0.9921278637001116
15,2025-05-29 01:30:00,2025-06-23 01:30:00,2025-06-23 01:40:00,2025-06-24 01:30:00,3600,144,0.5738420366475204,0.7341627242491922,0.9490081381076493,24.04907059964808,39.37338140502369,0.9738184990097681,0.013169230714564677,0.02162850412419394,0.989206245781532
16,2025-05-29 01:30:00,2025-06-24 01:30:00,2025-06-24 01:40:00,2025-06-25 01:30:00,3744,144,0.3767959451066425,0.5327177561913482,0.9778361526912819,24.379991250110415,39.737325712047834,0.963848166281209,0.017373773126283444,0.030629361995659958,0.9736009007058949
17,2025-05-29 01:30:00,2025-06-25 01:30:00,2025-06-25 01:40:00,2025-06-26 01:30:00,3888,144,0.3036037622359136,0.37821959535456834,0.9911695861521783,22.10361727199228,29.952845317374113,0.9854569233892934,0.012704626059241227,0.021684440865168342,0.9888018762653481
18,2025-05-29 01:30:00,2025-06-26 01:30:00,2025-06-26 01:40:00,2025-06-27 01:30:00,4032,144,0.30588278464085156,0.4143911907512769,0.991615310277697,15.18739694253391,25.95101664800289,0.9893076260612781,0.014820464794691917,0.025564243196752854,0.9845624150641809
19,2025-05-29 01:30:00,2025-06-27 01:30:00,2025-06-27 01:40:00,2025-06-28 01:30:00,4176,144,0.5099182511280951,0.6634048986149855,0.9789219455020329,38.24597351311874,76.91938574813696,0.9338506183928073,0.029838504826748116,0.045729939787029245,0.9603957241490997
20,2025-05-29 01:30:00,2025-06-28 01:30:00,2025-06-28 01:40:00,2025-06-29 01:30:00,4320,144,0.6897295332824718,0.9113388219250839,0.9655378025911026,41.95713408731386,78.88869241500389,0.932206796796337,0.025616299402414573,0.04269234826748879,0.9681354362107784
21,2025-05-29 01:30:00,2025-06-29 01:30:00,2025-06-29 01:40:00,2025-06-30 01:30:00,4464,144,0.47159826118088777,0.5938137570197619,0.9835800271565693,14.279459647029077,23.83025210120882,0.9932337199836121,0.013222857765749722,0.02347808629932098,0.9894217506077553
22,2025-05-29 01:30:00,2025-06-30 01:30:00,2025-06-30 01:40:00,2025-07-01 01:40:00,4608,144,0.22278849465908065,0.2687034460213519,0.9950344026229763,17.56298313874401,29.520105524045945,0.9867804219678361,0.015346371812212914,0.027039108350628158,0.984616568904429
23,2025-05-29 01:30:00,2025-07-01 01:40:00,2025-07-01 01:50:00,2025-07-02 01:40:00,4752,144,0.8677633853080996,1.0814435191257592,0.9426642072132431,33.0053562983769,52.66165681345598,0.9540334041737809,0.024175453195444188,0.03936665309956546,0.9658322672378389
24,2025-05-29 01:30:00,2025-07-02 01:40:00,2025-07-02 01:50:00,2025-07-03 01:40:00,4896,144,0.27800226834580166,0.35461899564093635,0.9934761341006033,15.264109126929327,25.881055499281484,0.9929862828156728,0.014886501760738611,0.02177555986503758,0.991556520252021
25,2025-05-29 01:30:00,2025-07-03 01:40:00,2025-07-03 01:50:00,2025-07-04 01:40:00,5040,144,0.26500241696766175,0.3603532975416877,0.9924262524655225,12.022353696627313,20.316663851058905,0.993988697453877,0.01029375912998328,0.016078758029073825,0.9943736213965118
26,2025-05-29 01:30:00,2025-07-04 01:40:00,2025-07-04 01:50:00,2025-07-05 01:40:00,5184,144,0.27990857955690035,0.34939427727916167,0.99302535556877,16.894511527547202,30.523358285117695,0.986447304707535,0.011968515145546905,0.01988980229706092,0.9915665102339022
27,2025-05-29 01:30:00,2025-07-05 01:40:00,2025-07-05 01:50:00,2025-07-06 01:40:00,5328,144,0.4443592715315894,0.5602847938645019,0.9813687598002631,33.84334060815898,56.163976132696924,0.948925741622647,0.00964591270351921,0.015751414109536555,0.9953102282303098
28,2025-05-29 01:30:00,2025-07-06 01:40:00,2025-07-06 01:50:00,2025-07-07 01:40:00,5472,144,0.27197560938712834,0.4148521688856068,0.9894148229023476,29.212763249099844,33.44818648865733,0.979125577248498,0.009012228285518875,0.016339772096226435,0.9944956423897983
29,2025-05-29 01:30:00,2025-07-07 01:40:00,2025-07-07 01:50:00,2025-07-08 01:40:00,5616,144,0.25846429285100847,0.3163193309718688,0.9927824115367949,23.512163336038533,35.0809910391047,0.9767498485081233,0.006563044634160274,0.010690773618496258,0.9974390949330093
30,2025-05-29 01:30:00,2025-07-08 01:40:00,2025-07-08 01:50:00,2025-07-09 01:40:00,5760,144,0.19545294857046114,0.2678058753357351,0.9950305220679075,16.286813743398252,23.943113312455026,0.9914685760249012,0.008768072294028144,0.014406614182624247,0.9953846020499698
31,2025-05-29 01:30:00,2025-07-09 01:40:00,2025-07-09 01:50:00,2025-07-10 01:40:00,5904,144,0.18230178161649863,0.23265450981722824,0.9969125082291944,14.685207893608025,25.543995540583058,0.9874194097409195,0.007503904206698563,0.012184967166677127,0.996751924134396
32,2025-05-29 01:30:00,2025-07-10 01:40:00,2025-07-10 01:50:00,2025-07-11 01:40:00,6048,144,0.2413556488545412,0.351718812860442,0.99273784470396,23.092682605152447,35.639574877584444,0.9785969013142478,0.016240785154857735,0.027848743570542067,0.9818956732177123
33,2025-05-29 01:30:00,2025-07-11 01:40:00,2025-07-11 01:50:00,2025-07-12 01:40:00,6192,144,0.3597406271551645,0.4250080123156876,0.987568469415733,15.688435519232021,27.273216676892172,0.9914773355726239,0.013227848729299926,0.02102239114043667,0.9917535652833359
34,2025-05-29 01:30:00,2025-07-12 01:40:00,2025-07-12 01:50:00,2025-07-13 01:40:00,6336,144,0.35160218778692426,0.44008925457193543,0.9877807963216757,16.761009135770834,27.446150169887467,0.9915254976536665,0.012600809056070235,0.01844722479110647,0.9935770551117707
35,2025-05-29 01:30:00,2025-07-13 01:40:00,2025-07-13 01:50:00,2025-07-14 01:40:00,6480,144,0.18816628890259135,0.2878259135466513,0.9943236427960761,12.79669337474623,23.069535313880852,0.9929185226342704,0.008786884706001993,0.014359762241683798,0.9957769316899049
36,2025-05-29 01:30:00,2025-07-14 01:40:00,2025-07-14 01:50:00,2025-07-15 01:40:00,6624,144,0.2513014609891369,0.3436169558361408,0.9919055245099682,13.088023301887514,24.96630218293294,0.9906742056875918,0.009788507131091726,0.016451844567318026,0.9940731063938194
37,2025-05-29 01:30:00,2025-07-15 01:40:00,2025-07-15 01:50:00,2025-07-16 01:40:00,6768,144,0.2002389306334808,0.2612309697205134,0.9956564949591892,15.059852270390634,27.246767107268717,0.9885155272117284,0.010505876998611283,0.017113016311982122,0.9933593465340828
38,2025-05-29 01:30:00,2025-07-16 01:40:00,2025-07-16 01:50:00,2025-07-17 01:50:00,6912,144,0.2693801636338018,0.345519880767369,0.994446135047634,22.692277337770904,44.61205203074376,0.9735963296343673,0.015716001403182144,0.020801193405664012,0.9918836740280007
39,2025-05-29 01:30:00,2025-07-17 01:50:00,2025-07-17 02:00:00,2025-07-18 01:50:00,7056,144,0.8081749012698485,1.0839758141072662,0.9512184630056286,25.166205488653475,42.10094660652529,0.9823411243025002,0.01619901708683652,0.033129272130928374,0.9803987229252581
40,2025-05-29 01:30:00,2025-07-18 01:50:00,2025-07-18 02:00:00,2025-07-19 01:50:00,7200,144,0.3378148824708864,0.4368886583296196,0.9899662838438125,12.611540324904075,21.599003249895954,0.9950688466637254,0.010678972613884221,0.0179254105845969,0.994320367853645
41,2025-05-29 01:30:00,2025-07-19 01:50:00,2025-07-19 02:00:00,2025-07-20 01:50:00,7344,144,0.23550847798788807,0.3293542817502464,0.9909120559377624,11.867886575241199,20.92499773279,0.9939919677326776,0.008463293388898703,0.014038839744307736,0.9957729622275016
42,2025-05-29 01:30:00,2025-07-20 01:50:00,2025-07-20 02:00:00,2025-07-21 01:50:00,7488,144,0.21718258263589185,0.32385120578797205,0.9909157670959629,14.777458396371221,26.818269045406385,0.9909359541638514,0.012191842230669778,0.02013061380102172,0.9921695528669439
43,2025-05-29 01:30:00,2025-07-21 01:50:00,2025-07-21 02:00:00,2025-07-22 01:50:00,7632,144,0.24511328105947885,0.32416559518215154,0.9917015413160878,17.081730324257244,27.899556591417056,0.9900921927827544,0.01026868635741803,0.01849716092170359,0.9933930518864931
44,2025-05-29 01:30:00,2025-07-22 01:50:00,2025-07-22 02:00:00,2025-07-23 01:50:00,7776,144,0.23460640174472877,0.2959391404665061,0.9940100512700533,11.463997798459795,21.23445147797926,0.995143766193778,0.008721329140817611,0.014912820303455792,0.9961181741613592
45,2025-05-29 01:30:00,2025-07-23 01:50:00,2025-07-23 02:00:00,2025-07-24 01:50:00,7920,144,0.20902549476396415,0.30588874065373733,0.9942906146492209,13.687159723635894,24.04872075939977,0.9931001169532635,0.010420378942285296,0.01852966356226291,0.9940751538480411
46,2025-05-29 01:30:00,2025-07-24 01:50:00,2025-07-24 02:00:00,2025-07-25 01:50:00,8064,144,0.29083570522816804,0.3902666354626448,0.9915968217343037,20.458078591995147,36.73899194830615,0.9814872644631846,0.01080619823553581,0.022008011365372383,0.9906000606021398
47,2025-05-29 01:30:00,2025-07-25 01:50:00,2025-07-25 02:00:00,2025-07-26 01:50:00,8208,144,0.28256050887185286,0.3698969751518305,0.990195211701661,21.54005853665282,40.039980016873194,0.975507560528808,0.019471859465819644,0.03143954924891997,0.9789160169151966
48,2025-05-29 01:30:00,2025-07-26 01:50:00,2025-07-26 02:00:00,2025-07-27 01:50:00,8352,144,0.33606983289978376,0.4763289672475561,0.9832480322685783,16.183068741526643,30.191003186818698,0.9866651122878373,0.021492321426489668,0.026624117379155664,0.9854460468787944
49,2025-05-29 01:30:00,2025-07-27 01:50:00,2025-07-27 02:00:00,2025-07-28 01:50:00,8496,144,0.3674929657067364,0.48628371104672663,0.9877399648683798,17.795009292497575,26.883413542514607,0.9901156383076072,0.01775875463664451,0.03070051112979927,0.9807073820696534
50,2025-05-29 01:30:00,2025-07-28 01:50:00,2025-07-28 02:00:00,2025-07-29 01:50:00,8640,144,0.283667498636284,0.3844874899620052,0.9868426316334614,16.308960456943254,30.91636732655419,0.9882260862391693,0.01579183919810906,0.021925966038389977,0.9907817001202525
51,2025-05-29 01:30:00,2025-07-29 01:50:00,2025-07-29 02:00:00,2025-07-30 01:50:00,8784,144,0.27935394871576374,0.39132900268449644,0.9835122542886943,33.44644018521516,63.44034016994015,0.9463322066538506,0.019985231777900944,0.037916384018042724,0.9693355646629991
52,2025-05-29 01:30:00,2025-07-30 01:50:00,2025-07-30 02:00:00,2025-07-31 01:50:00,8928,144,0.2524448429015347,0.3753380486273709,0.9840274102581699,15.646459132450461,31.332646726375874,0.9882448042509259,0.012188727178813932,0.02332126689907093,0.9900981496753536
53,2025-05-29 01:30:00,2025-07-31 01:50:00,2025-07-31 02:00:00,2025-08-01 02:00:00,9072,144,0.24517046766874348,0.3539334126404298,0.9835495128638633,22.212577411408,41.808889654872274,0.9771107540572289,0.015430622127290692,0.02831473655068064,0.9825021141396337
54,2025-05-29 01:30:00,2025-08-01 02:00:00,2025-08-01 02:10:00,2025-08-02 03:10:00,9216,144,0.18856661978366093,0.255461740520414,0.994076631913282,18.289822180342426,33.16820747532751,0.9856936092601261,0.010766298748537882,0.019789207397836104,0.9923020325713612
55,2025-05-29 01:30:00,2025-08-02 03:10:00,2025-08-02 03:20:00,2025-08-03 03:10:00,9360,144,0.24494129629077094,0.3588276448030876,0.987629016277758,12.674447182576849,25.062997524179917,0.9923022001729065,0.00909265785197026,0.01646960506338476,0.9942621947083052
56,2025-05-29 01:30:00,2025-08-03 03:10:00,2025-08-03 03:20:00,2025-08-04 03:10:00,9504,144,0.27401013067375724,0.34863882997750417,0.9898512873882968,15.473634392143358,31.263490309332195,0.9892443198643457,0.00962344308904453,0.019456984747699056,0.9933559045793473
57,2025-05-29 01:30:00,2025-08-04 03:10:00,2025-08-04 03:20:00,2025-08-05 03:10:00,9648,144,0.26251531445891424,0.34852081104208127,0.9914606472503406,12.851302054237543,24.56836841362172,0.9926062054021825,0.009702744352348261,0.01893484741309264,0.9934211467254093
58,2025-05-29 01:30:00,2025-08-05 03:10:00,2025-08-05 03:20:00,2025-08-06 03:10:00,9792,144,0.23459338840548613,0.3168742655878358,0.9912432801240832,12.706845120445728,24.55937389439637,0.9927152286555448,0.009724494877240829,0.019546383377602772,0.9921322285943892
59,2025-05-29 01:30:00,2025-08-06 03:10:00,2025-08-06 03:20:00,2025-08-07 03:10:00,9936,144,0.19263550264971757,0.24275944131982907,0.9949372139072229,11.359466787202686,23.50443687067172,0.9932106948032012,0.008298174653934063,0.016395227210305584,0.9948090643413089
60,2025-05-29 01:30:00,2025-08-07 03:10:00,2025-08-07 03:20:00,2025-08-08 03:10:00,10080,144,0.2001543996620394,0.2570911195350199,0.9946447990823397,14.183201266880133,28.878513873914468,0.9902101997383558,0.007845195448199638,0.014618272717386993,0.9959764749556452
61,2025-05-29 01:30:00,2025-08-08 03:10:00,2025-08-08 03:20:00,2025-08-09 03:10:00,10224,144,0.19469328637982383,0.2668961803630761,0.9920774212608571,22.417127301418798,42.999172552024724,0.9690187408337994,0.015237081279796335,0.032444286043434786,0.9773195130941641
62,2025-05-29 01:30:00,2025-08-09 03:10:00,2025-08-09 03:20:00,2025-08-10 03:10:00,10368,144,0.35650413361392075,0.49267498404931187,0.9733840311429093,23.168919950214324,36.04774763054238,0.9733775529107418,0.016633817327811367,0.030572207756463864,0.9697404324090247
63,2025-05-29 01:30:00,2025-08-10 03:10:00,2025-08-10 03:20:00,2025-08-11 03:10:00,10512,144,0.6079828947347791,0.8657940444793393,0.9461113159372163,26.802478245691987,52.68006693745796,0.9589770341492669,0.024721858090246393,0.044632952219595984,0.9500743218031814
64,2025-05-29 01:30:00,2025-08-11 03:10:00,2025-08-11 03:20:00,2025-08-12 03:10:00,10656,144,0.7115326567034583,1.0505843567511592,0.9168309437685124,30.07726484741709,55.42129591563515,0.9509466722809741,0.028219708868097756,0.04403868339619901,0.9487686384486493
65,2025-05-29 01:30:00,2025-08-12 03:10:00,2025-08-12 03:20:00,2025-08-13 03:10:00,10800,144,0.6635474771940189,0.8365741173421194,0.941903732269949,37.79802796622003,72.93669169218485,0.898581003484475,0.031128092916886157,0.06138811647718443,0.8954597290471763
66,2025-05-29 01:30:00,2025-08-13 03:10:00,2025-08-13 03:20:00,2025-08-14 03:10:00,10944,144,0.565669374029086,0.7433175239900585,0.9618210359747514,32.20669082392564,53.043465513839976,0.9556235480998646,0.025962162384151215,0.04201618956711958,0.9596557837543009
67,2025-05-29 01:30:00,2025-08-14 03:10:00,2025-08-14 03:20:00,2025-08-15 03:10:00,11088,144,0.7921373431969781,1.1493163799472974,0.9361102727626898,35.25494475422869,64.63792988446802,0.9406558517690893,0.028807153557305905,0.050823268622409226,0.9443774911803738
68,2025-05-29 01:30:00,2025-08-15 03:10:00,2025-08-15 03:20:00,2025-08-16 03:10:00,11232,144,0.7099445188000936,1.098881892901832,0.9459066684068452,41.83832049009368,61.5941000258507,0.9561026731591334,0.02994290544000637,0.04638689504816409,0.957968128581385
69,2025-05-29 01:30:00,2025-08-16 03:10:00,2025-08-16 03:20:00,2025-08-17 03:10:00,11376,144,0.8091437120389432,1.117183023803374,0.9031010637719412,27.43625661445718,51.78289410059623,0.9692619416336216,0.021038304589464644,0.040958076170291055,0.9696395845944923
70,2025-05-29 01:30:00,2025-08-17 03:10:00,2025-08-17 03:20:00,2025-08-18 03:10:00,11520,144,0.9363785570028248,1.0994225190213947,0.8682223576555074,34.6040196480167,66.65537964339484,0.9472910747171732,0.028102804773018138,0.051848722044214944,0.9478978036461604
71,2025-05-29 01:30:00,2025-08-18 03:10:00,2025-08-18 03:20:00,2025-08-19 03:10:00,11664,144,0.5456802759230158,0.6979567340439361,0.9606879527085858,31.370176248623505,63.67014006745271,0.9532972329614225,0.029404538378699892,0.05264849538959388,0.9477456793341782
72,2025-05-29 01:30:00,2025-08-19 03:10:00,2025-08-19 03:20:00,2025-08-20 03:10:00,11808,144,0.37583570826089585,0.4599590217656724,0.9862518956371954,20.369244799319265,37.94004002491543,0.9830871253579418,0.01847230210509581,0.03516147058609752,0.9768151455845643
73,2025-05-29 01:30:00,2025-08-20 03:10:00,2025-08-20 03:20:00,2025-08-21 03:10:00,11952,144,0.44745506850239547,0.5711945515254574,0.9807734311173762,22.98750966210703,43.6919143640242,0.9767777616815462,0.01980835346323727,0.03731196087839716,0.972988829828993
74,2025-05-29 01:30:00,2025-08-21 03:10:00,2025-08-21 03:20:00,2025-08-22 03:10:00,12096,144,0.37080656099152876,0.4659076815341833,0.9844419273827174,45.00878419439349,103.25425655177753,0.8581599366096117,0.03511156477213843,0.07995265264705333,0.8631485041989877
75,2025-05-29 01:30:00,2025-08-22 03:10:00,2025-08-22 03:20:00,2025-08-23 03:10:00,12240,144,0.398526854188747,0.5206300803891742,0.9798421692271752,26.61667489890693,52.26662696411579,0.9636561618385647,0.021756713444067086,0.04346226025165949,0.9601438899776102
76,2025-05-29 01:30:00,2025-08-23 03:10:00,2025-08-23 03:20:00,2025-08-24 03:10:00,12384,144,0.39056544752137057,0.47494963427028086,0.9860792264161755,21.50192224037619,42.53750254367271,0.9762503596134583,0.02023241065883335,0.03690918333299429,0.973971452902457
77,2025-05-29 01:30:00,2025-08-24 03:10:00,2025-08-24 03:20:00,2025-08-25 03:10:00,12528,144,0.34732950097154264,0.4257455408804049,0.9860057136555405,20.888353789891102,48.46918490266187,0.9687675229209941,0.01504627001546097,0.03686146898876559,0.9732683855914002
78,2025-05-29 01:30:00,2025-08-25 03:10:00,2025-08-25 03:20:00,2025-08-26 03:10:00,12672,144,0.3901915707413589,0.4566344518415074,0.9806724327144719,21.860336805450913,40.08249310990728,0.9782067498567286,0.01912609214711092,0.0352702084413635,0.9750781431754727
79,2025-05-29 01:30:00,2025-08-26 03:10:00,2025-08-26 03:20:00,2025-08-27 03:10:00,12816,144,0.5617516637991099,0.8357839622365837,0.9134650254015918,38.32043804860439,70.60863988517954,0.9270553073325826,0.029126762263580727,0.05350902695079608,0.9358542047255647
80,2025-05-29 01:30:00,2025-08-27 03:10:00,2025-08-27 03:20:00,2025-08-28 12:30:00,12960,144,0.7467141356998419,0.9795118255538076,0.854878706073577,48.12117902669107,101.12175216232467,0.695046992069478,0.042321583800042056,0.08978874007153324,0.6519940362811927
81,2025-05-29 01:30:00,2025-08-28 12:30:00,2025-08-28 12:40:00,2025-08-29 12:30:00,13104,144,0.6316490903015742,0.7994300450030017,0.9625450844868688,52.42669736288958,104.8375408398813,0.8464602258452494,0.060587901298325364,0.0920910729555524,0.8279919667076526
82,2025-05-29 01:30:00,2025-08-29 12:30:00,2025-08-29 12:40:00,2025-08-30 12:30:00,13248,144,0.5619709874457436,0.7093210090215962,0.976362004920425,19.83861500328192,38.00527397927028,0.980561978955644,0.01786515210350614,0.03409393129329258,0.9765608780217423
83,2025-05-29 01:30:00,2025-08-30 12:30:00,2025-08-30 12:40:00,2025-08-31 12:30:00,13392,144,0.44006065046051535,0.5487316650121128,0.9822609520611592,19.19396444737736,40.07213872899389,0.9777375647090862,0.01459030191826674,0.02739671345334546,0.9835758611126538
84,2025-05-29 01:30:00,2025-08-31 12:30:00,2025-08-31 12:40:00,2025-09-01 12:30:00,13536,144,0.5316142799163805,0.611531514469678,0.978873118396608,17.67307008819943,36.80189260126576,0.9814323783895168,0.014060598938319494,0.026196567333184404,0.9844403691107981
85,2025-05-29 01:30:00,2025-09-01 12:30:00,2025-09-01 12:40:00,2025-09-02 12:30:00,13680,144,0.3337441756785482,0.43408283862256053,0.9840577081186925,27.884135339329305,56.81803484784744,0.9521386944784653,0.019104576207837502,0.03812131476246102,0.964840346827755
86,2025-05-29 01:30:00,2025-09-02 12:30:00,2025-09-02 12:40:00,2025-09-03 12:30:00,13824,144,0.3572336956771095,0.44141715934508763,0.9815245668591304,32.17071322483493,67.25443680201091,0.9291880564333503,0.021754790689851325,0.04676243192196196,0.9443319767708719
87,2025-05-29 01:30:00,2025-09-03 12:30:00,2025-09-03 12:40:00,2025-09-04 12:30:00,13968,144,0.37263297427440845,0.49596217316776925,0.9815716464489235,36.79201552877708,74.08311060580785,0.9132840349511234,0.029500488129548627,0.05899461149407569,0.9105490172108709
88,2025-05-29 01:30:00,2025-09-04 12:30:00,2025-09-04 12:40:00,2025-09-05 12:30:00,14112,144,0.5983205629358339,0.6937821369009182,0.9738441354011843,15.687617507785262,36.80441564656521,0.9786662135564944,0.012936257291365832,0.027219381001351517,0.9817514147835813
89,2025-05-29 01:30:00,2025-09-05 12:30:00,2025-09-05 12:40:00,2025-09-06 12:30:00,14256,144,0.34483697431956056,0.4752182540959661,0.9859203959311228,22.205298000306747,50.14518335981517,0.96097885901986,0.018109617369081003,0.039210739819879915,0.96319575987282
90,2025-05-29 01:30:00,2025-09-06 12:30:00,2025-09-06 12:40:00,2025-09-07 12:30:00,14400,144,0.41583270614597223,0.589815390225993,0.9699934583835598,25.680189912106428,58.61291712817636,0.9452290499491942,0.021496466671847594,0.047479965033309285,0.9421921206594621
91,2025-05-29 01:30:00,2025-09-07 12:30:00,2025-09-07 12:40:00,2025-09-08 12:30:00,14544,144,0.5375591267452227,0.6741723226065053,0.9595254401092901,24.885726370978745,51.62534262697833,0.9539923225408629,0.02329464950227596,0.04392862316486503,0.9440380210375717
92,2025-05-29 01:30:00,2025-09-08 12:30:00,2025-09-08 12:40:00,2025-09-09 12:30:00,14688,144,0.6362822378449353,0.7801628426832968,0.9540086419428718,21.239007385295963,38.11845032037027,0.9755387646772736,0.023370467264201618,0.035158735639382765,0.9653832308688646
93,2025-05-29 01:30:00,2025-09-09 12:30:00,2025-09-09 12:40:00,2025-09-10 12:30:00,14832,144,0.5055612236647259,0.6367428600163938,0.9718832433675055,21.420399872950846,42.52602349248547,0.9666531197999654,0.016292520030425806,0.0323553458622083,0.9678703851198711
94,2025-05-29 01:30:00,2025-09-10 12:30:00,2025-09-10 12:40:00,2025-09-11 23:30:00,14976,144,0.7052838297275472,0.8168155227221569,0.9382211480349892,22.61667866450933,49.9166273601961,0.9658026521268007,0.016952382631513083,0.03519985396517309,0.9718121658272474
95,2025-05-29 01:30:00,2025-09-11 23:30:00,2025-09-11 23:40:00,2025-09-12 23:30:00,15120,144,1.0661026102571252,1.3795808246636807,0.9179686699495234,18.878798001210843,37.050579376694216,0.9754795334614774,0.015675973479962392,0.028402491710337208,0.9763952695705381
96,2025-05-29 01:30:00,2025-09-12 23:30:00,2025-09-12 23:40:00,2025-09-13 23:30:00,15264,144,0.852485433647986,1.1907918899503709,0.9352773358750184,22.35785876378368,49.165622332202084,0.955901249674002,0.018158125186572893,0.03742483993819266,0.9591675425226186
97,2025-05-29 01:30:00,2025-09-13 23:30:00,2025-09-13 23:40:00,2025-09-14 23:30:00,15408,144,0.6373890073399139,0.75057412277835,0.974893082335119,21.762871255429516,45.39867736992963,0.9594761295680259,0.0159886664408859,0.03474616530867337,0.9624759417010464
98,2025-05-29 01:30:00,2025-09-14 23:30:00,2025-09-14 23:40:00,2025-09-15 23:30:00,15552,144,0.7126016738105787,1.0382565477324515,0.9202820643805564,22.186534543943196,42.035211252599986,0.96297087401172,0.020646259944205648,0.033604886696597905,0.9620266282125466
99,2025-05-29 01:30:00,2025-09-15 23:30:00,2025-09-15 23:40:00,2025-09-16 23:30:00,15696,144,1.0560765768596392,1.328112999824031,0.8407920034252755,36.394885619502276,77.4476725184532,0.8344302713095577,0.027513774452215603,0.056920829910715696,0.8535913732485874
100,2025-05-29 01:30:00,2025-09-16 23:30:00,2025-09-16 23:40:00,2025-09-17 23:30:00,15840,144,0.9385781904497799,1.1384995930249584,0.9113940454067833,45.031823864865245,61.720109762661025,0.9054008706118417,0.030020686529886573,0.0465351576924588,0.9127709413293444
101,2025-05-29 01:30:00,2025-09-17 23:30:00,2025-09-17 23:40:00,2025-09-19 02:40:00,15984,144,0.7769101326333273,0.8896377359727655,0.9551608290621509,23.870920845153886,52.03303340082508,0.9333230752899978,0.018531689037851445,0.041519507439296464,0.9366963432349941
102,2025-05-29 01:30:00,2025-09-19 02:40:00,2025-09-19 02:50:00,2025-09-20 02:40:00,16128,144,0.5561367733718606,0.7474534624906831,0.9581459372855776,25.497132860798185,50.24177714974047,0.9336011080982707,0.017924575382315035,0.035781152219305716,0.9469824703393223
103,2025-05-29 01:30:00,2025-09-20 02:40:00,2025-09-20 02:50:00,2025-09-21 02:40:00,16272,144,0.4579095489956365,0.603008509430523,0.9737721481516992,20.663592661433636,39.06614105949535,0.9566164547414819,0.01727976250954703,0.030878615701732774,0.9555131035524868
